"url","etag","last_modified","length","sha256","state","version","raw_version"
"https://www.uwe-sieber.de/files/AttachVHD200_Win32.zip","""922c-65204b4077b80""","Sun, 17 May 2026 15:00:14 GMT","37420","489c8448764912ae8d758a2770839105180e06c79dae80c088afb41257ea3fa0","Found","2.0.0","2,0,0,0"
"https://www.uwe-sieber.de/files/AttachVHD200_x64.zip","""a1d1-65204b4077b80""","Sun, 17 May 2026 15:00:14 GMT","41425","c7ecac141c88754de937504598c4b3774148a562943976ecfbb70d66576cea91","Found","2.0.0","2,0,0,0"
"https://www.uwe-sieber.de/files/autorunsettings.zip","""3a8b-49795f6d63f80""","Fri, 17 Dec 2010 07:17:34 GMT","14987","043dd94d8c6833b81b6e495fc10c87715885f9a76652f730f6d9a3e461034cbe","Found","1.04.0064","1.04.0064"
"https://www.uwe-sieber.de/files/BBar.zip","""57974-64f80b3f74980""","Wed, 15 Apr 2026 14:40:54 GMT","358772","73cb2ecf6ec4008f380edbb49f14f406c09f59bb4e4459605797d0664b1cfbcf","Found","3.37.2684","3.37.2684"
"https://www.uwe-sieber.de/files/BinHex.zip","""3f607-5c1d2b684c240""","Sat, 08 May 2021 14:53:53 GMT","259591","b5600d240e0947bc2520d4ff0ab96d700b8da4d6e94412f005708e41c8d58ab5","Found","0.5.0","0.5.0.0"
"https://www.uwe-sieber.de/files/CloseWindow_Win32.zip","""612f-64509e1e271c0""","Wed, 03 Dec 2025 10:43:27 GMT","24879","4f604a30e283a68b3a828e9d63701006790a7099523690ea3fd9319a35e70fd6","Found","1.2.1","1,2,1,0"
"https://www.uwe-sieber.de/files/CloseWindow_x64.zip","""6a0b-64509e2998cc0""","Wed, 03 Dec 2025 10:43:39 GMT","27147","6f26bf748e780f85dc0e9d90a62f3ff7645860591d510e7a3fd49c32a2ab52bd","Found","1.2.1","1,2,1,0"
"https://www.uwe-sieber.de/files/ComNameArbiterTool.zip","""11829-641331d6bb740""","Wed, 15 Oct 2025 14:14:13 GMT","71721","2fbe1e16dd94a45bec8b17891154c51723f93dc85c28760c8f4a27f7d1282290","Found","1.0.8","1,0,8,0"
"https://www.uwe-sieber.de/files/CompactVHD_Win32.zip","""4624-63944e8873b80""","Sun, 06 Jul 2025 16:06:22 GMT","17956","7f66838972b90b13d83406808b34695626b2ecfd1ad27fcb7c1e8db1310736ef","Found","1.1.0","1,1,0,0"
"https://www.uwe-sieber.de/files/CompactVHD_x64.zip","""4d18-63944e8873b80""","Sun, 06 Jul 2025 16:06:22 GMT","19736","f37e66efc60f08625ba3980860cd8f5e6610751fadba9b7059a6ed200b424b9f","Found","1.1.0","1,1,0,0"
"https://www.uwe-sieber.de/files/ComPortInfo_Win32.zip","""1dfaf-65204b6e3e780""","Sun, 17 May 2026 15:01:02 GMT","122799","71915c4e57f216f9d833f822e9b3b3bf7ec2dc6a30b9735e3ee3fe3f05930ed2","Found","1.2.6","1,2,6,0"
"https://www.uwe-sieber.de/files/ComPortInfo_x64.zip","""257f9-65204b6e3e780""","Sun, 17 May 2026 15:01:02 GMT","153593","4ed77ad5070c73c34543b76ce1c0f3c2304e10fd3e84168164d1f4617d2a61bc","Found","1.2.6","1,2,6,0"
"https://www.uwe-sieber.de/files/ComPortMan_Win32.zip","""5c5e2-65204b7026c00""","Sun, 17 May 2026 15:01:04 GMT","378338","0263f513eb83ab01f2844510684eff79d79d9e37e5318af9bf5bcd3a88c90ff1","Found","1.2.6","1,2,6,0"
"https://www.uwe-sieber.de/files/ComPortMan_x64.zip","""664af-65204b711ae40""","Sun, 17 May 2026 15:01:05 GMT","418991","3c86d80ff88905ddbb829bb06aebe9fa184a549374aec346c1ce87a382c24827","Found","1.2.6","1,2,6,0"
"https://www.uwe-sieber.de/files/consoleblackfill.zip","""191e-48f098c4a4d80""","Mon, 30 Aug 2010 12:24:38 GMT","6430","717eb47e1b282d4c2d3fe99cb243204d71143d7105d0b5afffb4613f3257ed81","Found","0.05.0029","0.05.0029"
"https://www.uwe-sieber.de/files/ConsoleNoClose.zip","""11f7-5ee0accb438c0""","Tue, 22 Nov 2022 08:17:15 GMT","4599","b02194c9a42d94b40742d2111e42cfb154cd3ea004e092583154f22199e88d3c","Found","0.9.0","0, 9, 0, 0"
"https://www.uwe-sieber.de/files/CreateFileTest.zip","""ec65-6460d8bc92b80""","Tue, 16 Dec 2025 08:30:54 GMT","60517","a4ca610071bd90cbb0cc23b1ad816a5d9ee2abe0ae4f2b8ed56f1a323d45af7f","Found","1.03.0005","1.03.0005"
"https://www.uwe-sieber.de/files/deletedosdevice.zip","""10a3-4b94e2740fa00""","Sun, 19 Feb 2012 09:53:44 GMT","4259","1c22723c8387717e8e281253d5ab22535875ab1940e472f0686ae0de8048d6e7","Found","0.4.0","0,4,0,0"
"https://www.uwe-sieber.de/files/DeviceCleanup_Win32.zip","""b03b-63e4bef07d080""","Mon, 08 Sep 2025 15:35:14 GMT","45115","bb75ebf3475653583c144c2be8d680ef3aaf816d2915ef077699ed75668b0291","Found","1.5.1","1,5,1,0"
"https://www.uwe-sieber.de/files/DeviceCleanup_x64.zip","""c0d1-63e4be616ff00""","Mon, 08 Sep 2025 15:32:44 GMT","49361","c59f6cb9d8cc0942a692481701bd0588d7ac5ebee476093119b56982f8ef1734","Found","1.5.1","1,5,1,0"
"https://www.uwe-sieber.de/files/DeviceCleanupCmd_Win32.zip","""6edf-63e4be2c08100""","Mon, 08 Sep 2025 15:31:48 GMT","28383","0b96a196e4c886f96221ef2cdfaef6270fab7a2cd822e5e00ff01f39b8a9842d","Found","1.5.1","1,5,1,0"
"https://www.uwe-sieber.de/files/DeviceCleanupCmd_x64.zip","""7798-63e4be2c08100""","Mon, 08 Sep 2025 15:31:48 GMT","30616","d4addf00c28d7cd58fc2d0559678cb282e8bfb45f0d4464a5e3e839022aa2631","Found","1.5.1","1,5,1,0"
"https://www.uwe-sieber.de/files/DriveCleanup.zip","""cdbe-611e7f746e500""","Wed, 21 Feb 2024 17:50:44 GMT","52670","412249fef3d9a18d3335cdf926a22d7873cb47bcb4d4e6725e0ff4568b547cde","Found","1.6.5","1,6,5,0"
"https://www.uwe-sieber.de/files/EjectMedia_Win32.zip","""a72c-64f44271f5840""","Sun, 12 Apr 2026 14:26:33 GMT","42796","936a7f3b762a1031d7c03e6bec4a72d5aa632ac7dc88e46cdb8a3a54cce19756","Found","3.4.0","3,4,0,0"
"https://www.uwe-sieber.de/files/EjectMedia_x64.zip","""e1f2-64f44272e9a80""","Sun, 12 Apr 2026 14:26:34 GMT","57842","a645ae351dc52a2ba9f9c034b31422105a274d0cbb44f1252b186be753620dcc","Found","3.4.0","3,4,0,0"
"https://www.uwe-sieber.de/files/EjectTcv_Win32.zip","""921a-64fd2016e5b80""","Sun, 19 Apr 2026 15:40:46 GMT","37402","e277999957192c571cdd102efd00620bd18b620bece6215973dc90eef7714a3f","Found","3.4.1","3,4,1,0"
"https://www.uwe-sieber.de/files/EjectTcv_x64.zip","""9e2d-64fd201315280""","Sun, 19 Apr 2026 15:40:42 GMT","40493","6c08c14fba9732bfe1c8855ef75c5804a27479c1e51657e6915413b539675884","Found","3.4.1","3,4,1,0"
"https://www.uwe-sieber.de/files/FCB_Win32.zip","""9f19-639449b0ace80""","Sun, 06 Jul 2025 15:44:42 GMT","40729","6d387a5cfbedb73f883d0530f0f2498ff9e6f01a2581b459534fcf5b9cf043c2","Found","1.0.8","1,0,8,0"
"https://www.uwe-sieber.de/files/FCB_x64.zip","""b681-639449b0ace80""","Sun, 06 Jul 2025 15:44:42 GMT","46721","6b941944e338c37bf1c786cbd7b43c02633a943a818a41dfcff7196930ee1ab3","Found","1.0.8","1,0,8,0"
"https://www.uwe-sieber.de/files/FFB_Win32.zip","""4778-63176abf31340""","Sat, 29 Mar 2025 08:07:01 GMT","18296","268a03bdd01b62657e7f4c43b5cee1e6bdd48e7bd261fe1396740e2c1396064b","Found","2.0.0","2,0,0,0"
"https://www.uwe-sieber.de/files/FFB_x64.zip","""50e7-63176abf31340""","Sat, 29 Mar 2025 08:07:01 GMT","20711","ffeca13bda6e07352883c3092da8ac49540de7285a1e3534fdd04931b088caa0","Found","2.0.0","2,0,0,0"
"https://www.uwe-sieber.de/files/FFC_Win32.zip","""12791-648c211d08f00""","Mon, 19 Jan 2026 18:43:40 GMT","75665","a683d4b298df5e4887184d315911702780891e341f3adaa812f9c1f41d40fd12","Found","1.9.4","1,9,4,0"
"https://www.uwe-sieber.de/files/FFC_x64.zip","""156cc-648c211dfd140""","Mon, 19 Jan 2026 18:43:41 GMT","87756","6e22159bb1d5bada719dcd154270b21c437ab3c6aeb0960b315a9ab6c5fbdd4d","Found","1.9.4","1,9,4,0"
"https://www.uwe-sieber.de/files/filecachetest.zip","""7432-4b4221f8c0380""","Thu, 15 Dec 2011 14:15:58 GMT","29746","3f89e8311a4459ea43a9e862247c6351b26a492f1601882b4a70e895f81a8d67","Found","0.09.0055","0.09.0055"
"https://www.uwe-sieber.de/files/findexe.zip","""3033-55f309dea4c00""","Thu, 30 Nov 2017 10:21:36 GMT","12339","dc14bd2e252e5f11d5d765d8efca655ac9105ff2af18b6bdc257f8a622f15a03","Found","1.0.1","1,0,1,0"
"https://www.uwe-sieber.de/files/FSF_Win32.zip","""acb7-639451e4aa900""","Sun, 06 Jul 2025 16:21:24 GMT","44215","5d0c01f06d69ab3de905a3c353212c529d98bca0e03712f5d7347dce5ff3f964","Found","1.2.0","1,2,0,0"
"https://www.uwe-sieber.de/files/FSF_x64.zip","""f57f-639451e59eb40""","Sun, 06 Jul 2025 16:21:25 GMT","62847","19c22ef8fe52fa1969c25257369e11a80a4be1549a167a5760b48729924967d0","Found","1.2.0","1,2,0,0"
"https://www.uwe-sieber.de/files/HidRun.zip","""3dba-5f2007025cac0""","Wed, 11 Jan 2023 17:36:19 GMT","15802","2919365ff21efe2ed047af40774d6d7be97d7b819cd85d5dd78389e00281bac5","Found","1.0.0","1,0,0,0"
"https://www.uwe-sieber.de/files/IoctlDecoder.zip","""9360-5be73c2c8a880""","Fri, 26 Mar 2021 17:21:22 GMT","37728","dcf144a564cf42a9c77a7c011832175bcb224fd380ce69d19804d81ede246ca8","Found","0.04","0.04"
"https://www.uwe-sieber.de/files/ListBthDevs_Win32.zip","""4237-63c4014c08a00""","Wed, 13 Aug 2025 14:36:24 GMT","16951","1ea77c3fa4dab56be3632f7e1806b0fa6637b65774ac3bdbd6d535e325fd9962","Found","1.0.3","1,0,3,0"
"https://www.uwe-sieber.de/files/ListBthDevs_x64.zip","""475e-63c4014c08a00""","Wed, 13 Aug 2025 14:36:24 GMT","18270","252e88fc14f9ee10ae287663947702b2f2f1c3ea75b1b3adde85baa04c641c38","Found","1.0.3","1,0,3,0"
"https://www.uwe-sieber.de/files/ListComPorts.zip","""23a65-65204b6e3e780""","Sun, 17 May 2026 15:01:02 GMT","146021","1e2e1de24184088dc6e76e51e9b7a02e12b2b87261403f0f5d25d39c90bcd757","Found","1.2.6","1,2,6,0"
"https://www.uwe-sieber.de/files/listdosdevices.zip","""d28-5bec3b4656f80""","Tue, 30 Mar 2021 16:43:58 GMT","3368","ee1b2e271056da024ae1457e70f9c9756a1e464b7b9c4727553a7f5e83fc94b3","Found","0.3.0","0,3,0,0"
"https://www.uwe-sieber.de/files/listlinks.zip","""f839-5cfa37be86540""","Sun, 31 Oct 2021 10:25:49 GMT","63545","edc5a62d4d91074514ac8f35d9e35f74da9c40a1faea34945a5d06053d781c4f","Found","1.6.0","1,6,0,0"
"https://www.uwe-sieber.de/files/ListUsbDevs.zip","""8f50-5f59fa442ce00""","Sun, 26 Feb 2023 19:48:08 GMT","36688","e019aed32d8d29a74b05f0c16b856299df710e99a53105ffbf6f58748e03796c","Found","1.0.0","1,0,0,0"
"https://www.uwe-sieber.de/files/ListUsbDrives.zip","""76f8f-65204b87fe440""","Sun, 17 May 2026 15:01:29 GMT","487311","30bcf4890500630a1a056ab26da7320d292fd0dd94e3ad392bbce29639b84625","Found","5.7.6","5,7,6,0"
"https://www.uwe-sieber.de/files/loadmedia.zip","""745b-57ea27fb62b00""","Fri, 04 Jan 2019 14:14:36 GMT","29787","282bf6bd2c737f5c0fff48c6b3cf6ac65c94562c3a1f8cbbb49078bba1032875","MissingResource","",""
"https://www.uwe-sieber.de/files/logforegroundwindow.zip","""55f6d-6144e94a35280""","Sat, 23 Mar 2024 07:06:34 GMT","352109","88c6d60da9ae5e3f3ad8b7e8e45006b2c5ac9e9d89a27ba8904e4d1685f60d77","Found","1.4.0","1.4.0.0"
"https://www.uwe-sieber.de/files/logwindowatpoint.zip","""57ace-6144e953be900""","Sat, 23 Mar 2024 07:06:44 GMT","359118","0093ee233fce8b9c447489b6be9e9adaa988af6e8293127169d80af3a60e835a","Found","1.4.0","1.4.0.0"
"https://www.uwe-sieber.de/files/mcibrowser.zip","""409b3-639440e3249c0""","Sun, 06 Jul 2025 15:05:19 GMT","264627","04db378e525d7c046744061fc4020a6f53dc0c7ccfb7694037ed2b263a4fd1f1","Found","2.05.1687","2.05.1687"
"https://www.uwe-sieber.de/files/md5-file.zip","""2a0b-48700bf2d2800""","Thu, 20 May 2010 06:33:04 GMT","10763","edff5a17c94f1e263e1ff3a72ecb695156d9dc1eb6f839b738008a6875ce464c","Found","0.01.0008","0.01.0008"
"https://www.uwe-sieber.de/files/md5-text.zip","""1c1a-48700bf5aeec0""","Thu, 20 May 2010 06:33:07 GMT","7194","d1c6552d75d27a86ed8a5a6da269fd176c720e1d49c720e1c6b98bbfe2baa36b","Found","0.01","0.01"
"https://www.uwe-sieber.de/files/mscope.zip","""d24b-4f20054f35e80""","Sun, 09 Feb 2014 21:59:06 GMT","53835","4d39f2166d7f2d1845a229f6ff4fcf8f62d9b704923b0fdb475416ebcf4b78d8","Found","1.08.0146","1.08.0146"
"https://www.uwe-sieber.de/files/msgboxman.zip","""c51d-500e0c11b0100""","Mon, 18 Aug 2014 05:36:36 GMT","50461","88848f864b3fac53e6dec696913a761529c4c9311ab3e8edc7f0a864349f85d5","Found","0.09.0073","0.09.0073"
"https://www.uwe-sieber.de/files/ntcacheset.zip","""31ff-554aaf3bd5b80""","Wed, 19 Jul 2017 12:41:34 GMT","12799","5d0c670e63b411d8d3d4b02d4f1c99481b18a56ba06c80fbdcc14cd3406b9bfb","Found","0.04.0027","0.04.0027"
"https://www.uwe-sieber.de/files/otax.zip","""8a33-3f2fd703fa980""","Wed, 23 Mar 2005 16:27:34 GMT","35379","4ba5b4396b73b306b697052bbcc2de4330791743ca016ee838b6431201390828","Found","1.02.0085","1.02.0085"
"https://www.uwe-sieber.de/files/pktkomma.zip","""4f1b-3543c05ab1100""","Sat, 11 Sep 1999 09:21:40 GMT","20251","89aadc34c540d07f445ebbd733e4378744573df4dc5d2d36182177bb67ecb10f","MissingResource","",""
"https://www.uwe-sieber.de/files/remount.zip","""7dad-62e28501e5a80""","Sat, 15 Feb 2025 06:22:18 GMT","32173","62ebce94b81e1de1b3cc0fbf80218f387c59329b4dce2cb5ac9cfd1338fa73e3","Found","2.3.2","2,3,2,0"
"https://www.uwe-sieber.de/files/RemoveDrive_Win32.zip","""106d7-65204ef09af00""","Sun, 17 May 2026 15:16:44 GMT","67287","ed1404a4b2b78511f2f828a63cac3c32660a3c6b7206f3800b23d4aeb9f43bdb","Found","3.4.8","3,4,8,0"
"https://www.uwe-sieber.de/files/RemoveDrive_x64.zip","""12ace-65204efb187c0""","Sun, 17 May 2026 15:16:55 GMT","76494","d5de60aeb38411eb02305aae670da897673f7ed2bd211f998706f4e1e903acbb","Found","3.4.8","3,4,8,0"
"https://www.uwe-sieber.de/files/rescandevices.zip","""686-4cf1922186a00""","Thu, 22 Nov 2012 17:52:40 GMT","1670","68c28b4e8e84cbad0b8ac9c0963efd51ed95da36838af6927b732af68b5c4adc","Found","0.1.0","0, 1, 0, 0"
"https://www.uwe-sieber.de/files/RestartSrDev.zip","""12022-60878c8123c80""","Tue, 24 Oct 2023 16:25:06 GMT","73762","56403697c63b42b00003378fcc8c69766c4953a0eb8355c1c6112424612e654a","Found","3.1.0","3,1,0,0"
"https://www.uwe-sieber.de/files/RestartUsbPort.zip","""b00b-5fe4dceae0040""","Sat, 17 Jun 2023 06:56:57 GMT","45067","7b36d0d0a2c4e82b9bfc220a2be62154f1af8300e68a3f724b6b21d9156ef85b","Found","1.2.1","1,2,1,0"
"https://www.uwe-sieber.de/files/RunAsSystem.zip","""ba5a-656f2baf5a8c0""","Sun, 19 Jul 2026 08:39:39 GMT","47706","e4abd9c987a8c541c6b9be3cb610dc350c2faaf187b348f6da3f41011a02c51d","Found","1.4.0","1,4,0,0"
"https://www.uwe-sieber.de/files/SetFileSize_Win32.zip","""3266-63944ad1a3840""","Sun, 06 Jul 2025 15:49:45 GMT","12902","2316d7c282bfdea1f3a2e911043996dd9404c30aaaca8ce4857488fb689a8d19","Found","1.2.0","1,2,0,0"
"https://www.uwe-sieber.de/files/SetFileSize_x64.zip","""3571-63944ad1a3840""","Sun, 06 Jul 2025 15:49:45 GMT","13681","12e0ac780cddeb912f8d331ed4b16bb29fc6b1059e84d2aaec6bdce69a35c8ab","Found","1.2.0","1,2,0,0"
"https://www.uwe-sieber.de/files/SetMaxCpuPower_Win32.zip","""299e-65705a7be8d40""","Mon, 20 Jul 2026 07:14:21 GMT","10654","0b58548f073dbedf940cf9d789e887c858227a85e860f834b8eaa85cc50b3bbf","Found","1.0.0","1,0,0,0"
"https://www.uwe-sieber.de/files/SetMaxCpuPower_x64.zip","""2bf6-65705a7be8d40""","Mon, 20 Jul 2026 07:14:21 GMT","11254","9a0a8d3a1864df30fae21e28cac148a0d5f85ca16481d950a5af88cb7272922e","Found","1.0.0","1,0,0,0"
"https://www.uwe-sieber.de/files/setsystemfilecachesize.zip","""208a-483a1147492c0""","Wed, 07 Apr 2010 08:09:23 GMT","8330","4ad48ac93d15aa77a3a9f6e7c43455d742a8c6c649d1f02b5dc81e3abfeefcbf","Found","0.3.0.1","0, 3, 0, 1"
"https://www.uwe-sieber.de/files/sleep.zip","""1110-4e04547deed80""","Sat, 29 Jun 2013 06:41:10 GMT","4368","660385f1c0bda9c5d9e1ea2d6200a437fedf106a4cad8fa8e45bd7d50c8db15c","Found","0.2.0","0, 2, 0, 0"
"https://www.uwe-sieber.de/files/srx.zip","""2273-4b9031ac4fb00""","Wed, 15 Feb 2012 16:21:32 GMT","8819","23719002c425e69821bf265abdba2af850dc057071b57c382d3a7b4d434440da","Found","1.0.0","1,0,0,0"
"https://www.uwe-sieber.de/files/testcommandline.zip","""2527-56c4146cbf900""","Tue, 15 May 2018 16:41:40 GMT","9511","5ecba2e200d70c8c1ca17ab09846575500b2099222723fe98864ed3c30347afd","Found","1.04.0139","1.04.0139"
"https://www.uwe-sieber.de/files/usb-writecache.zip","""704f-5cc85256a6680""","Tue, 21 Sep 2021 17:58:34 GMT","28751","562175abe8c2804866606f5d92a43cb4c855d6e739a209689e710c47cdf428bb","Found","0.03","0.03"
"https://www.uwe-sieber.de/files/usbdlm_Win32.zip","""11f293-65204b89e68c0""","Sun, 17 May 2026 15:01:31 GMT","1176211","2e8da2e67458f45137ee57ff92147c4b5c0f94e2c1b60f78579b040988114112","Found","5.7.6","5,7,6,0"
"https://www.uwe-sieber.de/files/usbdlm_x64.zip","""1371c6-65204b8bced40""","Sun, 17 May 2026 15:01:33 GMT","1274310","bca548132eeec3ab5c62ca96b6493bb77b434a767b9150bc98423c7c0efb7179","Found","5.7.6","5,7,6,0"
"https://www.uwe-sieber.de/files/USBDLM-Remote.zip","""1a7c-4862d36fc5740""","Sun, 09 May 2010 18:11:01 GMT","6780","f1e778609c37b80b0369de38ceae7a81d6897e258f9bfed3de897a0274f6492c","Found","0.1.0.1","0, 1, 0, 1"
"https://www.uwe-sieber.de/files/UsbDriveInfo_Win32.zip","""4c214-65204b87fe440""","Sun, 17 May 2026 15:01:29 GMT","311828","0001139a14b9ca0fb4cef8fe8b7e4c69932f00cb158b6c0d3b93ba826e80d43d","Found","5.7.6","5,7,6,0"
"https://www.uwe-sieber.de/files/UsbDriveInfo_x64.zip","""59e70-65204b87fe440""","Sun, 17 May 2026 15:01:29 GMT","368240","66ac7cf8a3ad7a10f09e7292ec7ce9bc88140245a387eebf408c49c2d47c123c","Found","5.7.6","5,7,6,0"
"https://www.uwe-sieber.de/files/UsbStorMaxTransferLen.zip","""ff6d-5cd733f54abc0""","Sun, 03 Oct 2021 14:02:31 GMT","65389","beece6fd322a3bbe1d0dbb010454da661b1d59e3d0edf51f91733b42ece55bf6","Found","1.0.1","1,0,1,0"
"https://www.uwe-sieber.de/files/UsbTreeView_arm64.zip","""8572a-6599e1cabf440""","Sat, 22 Aug 2026 07:58:01 GMT","546602","83988d147e6f100a465ce9957109eea3cf7cc8cddb834cd7adad1bcd21840a46","Found","4.7.4","4,7,4,0"
"https://www.uwe-sieber.de/files/UsbTreeView_Win32.zip","""79318-6599e1c9cb200""","Sat, 22 Aug 2026 07:58:00 GMT","496408","9c0f4fdd5a5ff3bd4aad11c476b273d9a9d7cf3427a16647a45027949899fb8a","Found","4.7.4","4,7,4,0"
"https://www.uwe-sieber.de/files/UsbTreeView_x64.zip","""8241b-6599e1cabf440""","Sat, 22 Aug 2026 07:58:01 GMT","533531","ec8e8e973f6f3e35e0188294c530e5ff584fd7a004f01d6c0f6adfbf46d543eb","Found","4.7.4","4,7,4,0"
"https://www.uwe-sieber.de/files/VerifyDisk_Win32.zip","""51b3-6168bb5c33b80""","Sat, 20 Apr 2024 18:52:46 GMT","20915","71c992403c338fe21dd09ea3b1af259b08f8537c188fcb95159aa1e13da920f6","Found","1.0.2","1,0,2,0"
"https://www.uwe-sieber.de/files/VerifyDisk_x64.zip","""5b20-6168bb5586bc0""","Sat, 20 Apr 2024 18:52:39 GMT","23328","25dd80df217f0773e1e11b7400a7a759bad52d33aed57eb5da41b33ee8e1a881","Found","1.0.2","1,0,2,0"
"https://www.uwe-sieber.de/files/watchfatdirtybit.zip","""1d0c-5417f1df809c0""","Thu, 17 Nov 2016 13:25:03 GMT","7436","84aac2ab0aff1a9af3d90d270a97991082fb8837c80cca1205432ac170074183","Found","0.04.0014","0.04.0014"
"https://www.uwe-sieber.de/files/wininfo.zip","""3f96-5cc85e9190140""","Tue, 21 Sep 2021 18:53:17 GMT","16278","73a28544cd6c19cacfc2e22251342fa8a8ddc93c7265e62499d6a39724424918","Found","0.09.0061","0.09.0061"
